"sss","cc","aa"
"6","Gutierrez PLC","Hospital doctor"
"6","Watkins, Solomon and Brown","Management consultant"
"2","Perkins-Parks","Leisure centre manager"
"3","Castro-Baker","Theatre director"
"6","Peters Ltd","Social worker"
"6","Cain, Floyd and Watkins","Control and instrumentation engineer"
"7","Guerra-Rodriguez","Haematologist"
"5","Johnson, Watson and Cruz","Manufacturing systems engineer"
"10","Williams-Evans","Hydrogeologist"
"9","Pope and Sons","Chief Financial Officer"
"4","Doyle, Alexander and Anderson","Armed forces technical officer"
"9","Russell Inc","Curator"
"8","Wood LLC","Logistics and distribution manager"
